_id;Characteristic;City_of_Toronto;Agincourt_North;Agincourt_South-Malvern_West;Alderwood;Annex;Banbury-Don_Mills;Bathurst_Manor;Bay_Street_Corridor;Bayview_Village;Bayview_Woods-Steeles;Bedford_Park-Nortown;Beechborough-Greenbrook;Bendale;Birchcliffe-Cliffside;Black_Creek;Blake-Jones;Briar_Hill-Belgravia;Bridle_Path-Sunnybrook-York_Mills;Broadview_North;Brookhaven-Amesbury;Cabbagetown-South_St._James_Town;Caledonia-Fairbank;Casa_Loma;Centennial_Scarborough;Church-Yonge_Corridor;Clairlea-Birchmount;Clanton_Park;Cliffcrest;Corso_Italia-Davenport;Danforth;Danforth_East_York;Don_Valley_Village;Dorset_Park;Dovercourt-Wallace_Emerson-Junction;Downsview-Roding-CFB;Dufferin_Grove;East_End-Danforth;Edenbridge-Humber_Valley;Eglinton_East;Elms-Old_Rexdale;Englemount-Lawrence;Eringate-Centennial-West_Deane;Etobicoke_West_Mall;Flemingdon_Park;Forest_Hill_North;Forest_Hill_South;Glenfield-Jane_Heights;Greenwood-Coxwell;Guildwood;Henry_Farm;High_Park_North;High_Park-Swansea;Highland_Creek;Hillcrest_Village;Humber_Heights-Westmount;Humber_Summit;Humbermede;Humewood-Cedarvale;Ionview;Islington-City_Centre_West;Junction_Area;Keelesdale-Eglinton_West;Kennedy_Park;Kensington-Chinatown;Kingsview_Village-The_Westway;Kingsway_South;Lambton_Baby_Point;L'Amoreaux;Lansing-Westgate;Lawrence_Park_North;Lawrence_Park_South;Leaside-Bennington;Little_Portugal;Long_Branch;Malvern;Maple_Leaf;Markland_Wood;Milliken;Mimico_(includes_Humber_Bay_Shores);Morningside;Moss_Park;Mount_Dennis;Mount_Olive-Silverstone-Jamestown;Mount_Pleasant_East;Mount_Pleasant_West;New_Toronto;Newtonbrook_East;Newtonbrook_West;Niagara;North_Riverdale;North_St._James_Town;Oakridge;Oakwood_Village;O'Connor-Parkview;Old_East_York;Palmerston-Little_Italy;Parkwoods-Donalda;Pelmo_Park-Humberlea;Playter_Estates-Danforth;Pleasant_View;Princess-Rosethorn;Regent_Park;Rexdale-Kipling;Rockcliffe-Smythe;Roncesvalles;Rosedale-Moore_Park;Rouge;Runnymede-Bloor_West_Village;Rustic;Scarborough_Village;South_Parkdale;South_Riverdale;St.Andrew-Windfields;Steeles;Stonegate-Queensway;Tam_O'Shanter-Sullivan;Taylor-Massey;The_Beaches;Thistletown-Beaumond_Heights;Thorncliffe_Park;Trinity-Bellwoods;University;Victoria_Village;Waterfront_Communities-The_Island;West_Hill;West_Humber-Clairville;Westminster-Branson;Weston;Weston-Pelham_Park;Wexford/Maryvale;Willowdale_East;Willowdale_West;Willowridge-Martingrove-Richview;Woburn;Woodbine_Corridor;Woodbine-Lumsden;Wychwood;Yonge-Eglinton;Yonge-St.Clair;York_University_Heights;Yorkdale-Glen_Park
1055;Total - Household after-tax income groups in 2015 for private households - 100% data;1,112,930;9,115;8,140;4,620;15,940;12,125;6,090;15,070;9,525;4,700;8,605;2,650;10,765;9,190;7,320;3,125;5,745;3,240;5,665;6,480;6,440;3,680;5,405;4,375;19,690;9,240;6,555;5,905;5,485;3,925;7,025;9,960;8,780;15,320;13,100;5,440;9,190;6,260;7,905;3,215;8,245;6,860;4,585;7,830;5,440;4,950;9,930;6,055;3,995;6,360;11,025;10,870;3,700;6,400;4,135;3,895;5,060;6,565;5,170;19,330;6,035;4,185;6,570;8,730;7,775;3,580;3,120;15,030;6,585;5,420;5,755;6,435;7,430;4,810;13,430;3,560;4,310;7,680;17,770;5,885;11,555;5,175;9,875;7,435;17,500;5,375;6,120;8,960;18,780;5,005;9,555;5,285;8,690;7,470;3,785;6,330;13,315;3,710;3,575;5,520;3,865;4,960;3,845;9,060;6,885;10,045;13,395;3,815;3,655;5,930;11,385;12,075;6,420;7,820;10,380;10,065;6,270;9,420;3,280;7,130;6,910;3,395;7,410;40,765;9,985;10,290;10,230;7,600;4,230;10,105;22,305;7,550;8,510;18,430;5,455;3,450;5,880;5,680;7,010;10,165;5,345
1056;  Under $5,000;34,795;150;320;70;905;300;130;2,545;610;105;175;50;625;185;145;60;115;100;145;110;200;65;190;20;1,355;150;135;110;135;75;95;355;140;330;220;135;215;115;100;45;190;75;95;260;125;155;95;145;45;465;340;275;65;185;55;45;85;180;120;435;150;70;110;530;130;50;60;370;350;95;120;145;200;125;195;50;55;140;600;145;500;105;150;170;790;150;415;470;535;105;440;155;160;200;65;160;350;50;95;140;55;180;65;145;190;355;105;50;50;110;405;280;195;205;210;250;190;220;40;260;190;230;195;1,860;150;215;235;160;50;180;2,130;575;105;435;70;60;135;215;240;350;115
1057;  $5,000 to $9,999;23,615;105;130;35;485;150;85;740;255;70;100;60;230;300;175;90;135;25;115;130;160;65;85;20;750;115;95;90;85;70;100;175;155;330;185;100;270;50;125;45;150;35;70;150;95;80;155;140;25;165;270;155;30;115;45;55;70;130;95;335;110;75;220;405;105;25;65;255;135;50;95;65;150;90;160;35;25;75;375;130;735;130;220;95;455;150;150;220;350;70;445;290;185;155;55;130;190;40;65;80;10;300;95;270;175;120;80;30;85;175;410;310;90;110;115;150;190;150;35;150;110;140;195;895;390;150;190;275;195;140;655;215;80;470;125;60;125;105;125;220;70
1058;  $10,000 to $14,999;37,080;165;205;80;660;245;150;745;290;85;145;160;270;325;320;155;190;30;200;255;325;100;135;30;1,110;270;170;140;120;145;175;265;245;605;395;200;455;100;265;80;300;80;125;260;165;105;280;270;40;220;430;230;45;180;75;60;110;235;210;470;200;125;380;560;180;35;120;370;160;90;100;85;265;180;275;60;50;135;625;225;1,050;255;295;170;700;305;210;295;545;135;770;410;260;270;85;235;330;60;130;105;40;355;135;380;360;195;135;45;170;310;865;515;130;160;215;265;325;265;70;255;225;165;285;1,185;550;195;325;460;255;290;765;265;155;685;260;110;185;140;190;350;120
1059;  $15,000 to $19,999;55,930;450;275;85;785;435;430;720;355;145;260;195;455;350;605;280;305;40;375;340;535;125;185;60;1,190;305;385;310;205;290;340;395;430;810;655;320;575;170;380;130;640;120;180;520;260;160;655;365;60;290;575;365;60;570;170;95;190;415;260;815;245;285;460;955;295;40;165;830;230;150;120;140;320;235;535;110;75;345;1,040;260;890;325;440;325;1,030;460;390;560;595;180;950;485;625;410;175;325;530;85;235;180;50;415;195;665;520;275;220;70;330;340;1,135;690;160;390;325;630;400;305;120;485;275;175;555;1,385;665;300;875;670;260;485;905;610;305;1,160;325;200;405;190;220;540;225
1060;  $20,000 to $24,999;51,910;340;350;160;680;430;275;620;405;205;255;190;425;450;480;155;305;40;335;415;355;200;175;60;930;435;290;305;295;200;325;450;425;810;745;290;495;255;420;150;520;265;190;460;270;205;700;340;150;305;510;480;80;255;215;210;260;360;265;745;265;285;435;490;420;70;160;680;240;125;140;165;305;275;515;195;140;275;840;270;595;315;445;275;815;365;255;505;600;190;625;355;565;420;165;290;680;130;175;225;70;330;190;580;380;280;280;120;285;345;845;480;180;325;425;550;395;315;160;425;330;180;450;1,365;525;385;590;520;240;540;850;370;405;905;295;175;380;210;255;555;275
1061;  $25,000 to $29,999;52,205;565;415;175;625;495;240;610;385;190;245;190;510;365;520;140;300;50;390;400;295;180;210;85;840;470;305;285;230;150;305;500;520;710;715;280;435;245;540;170;430;215;225;545;240;175;625;255;120;315;480;380;80;315;190;220;290;330;320;795;240;245;425;510;420;60;135;880;260;110;130;185;345;245;640;195;175;455;740;320;515;320;555;260;750;350;355;530;600;185;635;355;460;420;155;290;630;140;150;250;75;315;185;530;295;300;355;105;265;365;815;450;210;420;440;630;430;270;150;510;285;140;445;1,290;525;465;645;505;175;525;1,015;330;430;1,020;225;145;245;215;250;580;275
1062;  $30,000 to $34,999;53,515;450;395;170;630;500;250;570;435;220;275;215;545;395;510;130;295;45;385;445;290;185;205;95;920;455;285;235;270;145;300;550;545;760;835;360;400;240;550;195;450;275;225;525;255;175;685;270;170;285;500;405;115;285;210;230;325;325;335;875;235;220;375;440;440;75;140;890;240;120;120;165;355;245;720;190;170;435;765;330;450;340;625;265;795;320;260;535;650;185;605;375;505;425;165;290;690;165;145;295;80;285;190;500;325;270;365;120;265;430;730;490;200;470;460;565;460;300;190;535;320;165;450;1,310;555;450;590;510;200;600;915;315;380;1,035;220;140;265;230;280;650;300
1063;  $35,000 to $39,999;55,545;510;450;210;675;575;300;570;405;215;265;185;620;385;500;150;315;45;365;470;300;220;210;95;945;480;320;245;280;155;325;520;540;810;830;320;390;285;565;195;405;265;280;560;265;195;685;270;170;345;530;480;115;270;215;285;315;355;390;895;280;235;425;415;500;85;110;845;285;135;145;195;410;295;760;225;180;395;865;320;485;315;670;280;895;270;240;470;720;195;605;360;520;410;185;295;715;200;160;265;115;305;205;550;285;315;480;130;245;360;830;470;235;405;450;600;425;340;175;510;295;140;455;1,540;520;530;590;445;205;555;980;310;450;1,060;220;140;290;255;310;645;335
1064;  $40,000 to $44,999;55,770;455;470;185;645;555;310;535;415;230;295;175;600;420;510;130;325;55;355;395;320;210;185;120;995;480;305;295;280;155;325;485;585;745;840;330;355;315;525;195;395;295;250;555;285;215;645;225;200;365;535;470;115;205;225;275;340;355;340;975;295;230;365;430;500;100;105;850;255;140;145;220;380;285;750;200;205;420;860;335;500;330;670;255;965;280;260;445;890;220;600;330;490;385;160;290;755;165;150;315;80;265;195;475;315;345;530;115;230;420;710;450;225;345;435;580;465;360;185;580;355;160;490;1,665;535;495;605;480;195;600;1,010;300;455;1,075;220;165;280;240;330;635;305
1065;  $45,000 to $49,999;53,385;475;445;225;665;575;260;565;430;190;280;140;590;405;475;105;290;50;335;380;290;185;185;140;955;520;290;260;265;140;275;545;535;725;780;285;350;295;510;210;435;265;300;470;245;195;595;215;170;325;470;495;135;230;235;205;300;330;300;990;255;225;335;390;480;105;100;790;275;120;125;185;380;245;795;195;205;405;830;325;445;290;660;295;980;260;290;425;900;220;545;305;365;355;165;285;790;190;155;260;85;270;210;480;315;365;565;125;180;380;550;450;225;370;425;565;415;305;170;470;315;130;445;1,865;485;545;545;385;180;500;1,005;295;390;1,020;210;140;225;240;315;565;285
1066;  $50,000 to $59,999;98,910;930;860;390;1,160;1,180;500;1,080;825;375;530;235;1,090;775;805;220;540;110;545;700;545;340;360;260;1,735;875;625;475;490;255;505;995;960;1,325;1,310;480;630;555;870;355;770;585;525;845;455;310;985;445;330;680;985;860;260;470;415;370;580;580;560;1,895;550;365;590;675;865;195;180;1,520;485;250;290;375;750;455;1,560;410;385;730;1,660;550;815;585;1,160;520;1,715;435;465;765;1,930;355;820;470;735;675;300;485;1,335;350;275;515;220;475;360;835;515;660;1,110;255;300;610;1,050;890;435;670;815;940;675;640;340;780;550;255;720;3,775;880;1,005;985;675;325;965;1,900;490;805;1,905;360;290;500;475;625;1,065;500
1067;  $60,000 to $69,999;86,755;755;755;355;1,060;1,000;495;1,085;785;335;475;200;930;640;595;170;535;130;415;550;440;290;355;310;1,595;755;530;425;375;250;435;900;810;1,240;1,100;450;535;455;655;315;585;570;380;700;390;315;760;410;320;560;855;865;270;430;315;365;445;440;500;1,690;445;350;535;560;675;190;170;1,315;420;270;255;330;655;415;1,290;315;320;735;1,515;480;800;410;980;445;1,515;315;425;645;1,810;295;650;375;650;525;290;480;1,160;300;220;460;185;345;305;685;455;655;1,175;230;250;465;725;900;400;675;720;775;520;545;290;615;495;230;610;3,905;765;1,045;855;540;315;840;1,705;485;685;1,545;325;235;400;415;475;870;445
1068;  $70,000 to $79,999;75,120;695;630;365;820;790;420;895;695;305;415;135;780;625;470;155;455;135;330;440;390;285;345;365;1,245;700;480;385;385;215;435;745;680;1,090;885;345;515;455;575;255;510;555;345;550;330;230;675;380;315;505;740;725;230;425;290;295;410;330;370;1,440;435;295;400;485;555;165;145;1,035;415;265;270;310;615;325;1,115;245;330;605;1,310;415;685;385;765;410;1,345;265;360;610;1,660;280;525;250;520;490;220;390;970;300;215;420;210;280;270;605;420;555;1,140;225;210;345;615;770;350;585;590;715;360;585;240;430;490;190;445;3,315;710;815;735;385;280;725;1,575;465;600;1,315;285;245;380;345;450;715;365
1069;  $80,000 to $89,999;63,360;640;500;310;750;690;350;650;545;315;325;125;675;545;355;150;345;105;230;310;295;275;245;325;1,110;685;350;345;385;200;440;580;550;945;790;315;490;340;430;190;405;470;300;400;265;230;565;385;300;375;635;625;275;385;260;260;320;305;270;1,320;365;255;355;365;470;160;150;915;345;230;225;305;475;250;920;205;275;495;1,030;360;580;310;585;365;965;250;330;430;1,395;235;365;195;485;395;235;335;760;270;145;355;225;185;270;550;345;500;1,050;235;165;265;400;715;325;500;575;575;285;500;200;315;400;150;370;2,725;590;760;630;370;295;620;1,255;420;555;1,070;320;245;305;255;335;575;290
1070;  $90,000 to $99,999;51,570;500;405;265;620;595;305;480;435;255;345;95;510;450;255;135;290;110;220;290;240;215;240;315;800;515;285;310;320;155;365;530;435;750;630;235;410;265;340;160;315;470;240;295;160;160;435;300;240;250;500;505;220;345;215;170;250;220;205;950;330;245;270;285;345;155;125;675;315;230;230;255;350;185;765;190;240;445;840;300;400;230;445;295;735;225;255;405;1,015;225;235;165;405;350;170;325;635;230;135;295;190;140;220;455;300;380;970;215;110;215;320;600;265;425;495;455;215;435;185;240;360;145;295;2,280;435;595;435;300;255;545;995;315;435;850;265;185;250;240;305;435;270
1071;  $100,000 and over;263,465;1,920;1,500;1,520;4,755;3,600;1,585;2,665;2,275;1,470;4,220;300;1,900;2,620;625;905;980;2,180;905;865;1,470;745;2,120;2,090;3,210;2,035;1,705;1,685;1,385;1,320;2,265;2,010;1,245;3,315;2,160;1,000;2,650;2,120;995;515;1,740;2,315;855;735;1,640;2,075;1,380;1,620;1,320;905;2,640;3,580;1,585;1,745;1,000;750;755;1,675;625;4,705;1,615;700;890;1,225;1,405;2,080;1,190;2,800;2,185;3,055;3,245;3,330;1,470;955;2,425;730;1,490;1,605;3,900;1,130;2,115;550;1,205;3,035;3,060;980;1,455;1,655;4,595;1,930;745;410;1,745;1,585;1,180;1,750;2,860;1,045;1,135;1,375;2,165;510;750;1,335;1,680;4,480;4,830;1,770;515;790;985;3,620;2,790;1,775;3,660;1,845;540;3,915;725;550;1,920;780;1,005;10,415;1,745;2,360;1,425;930;800;2,015;4,625;1,785;2,245;2,865;1,730;925;1,510;1,915;2,305;1,395;1,185
1072;    $100,000 to $124,999;94,020;935;700;605;1,205;1,030;585;940;800;475;690;125;980;950;365;280;490;245;325;455;445;385;445;720;1,300;965;555;635;585;370;825;835;635;1,425;1,050;445;900;455;515;270;560;905;415;400;385;325;740;615;490;425;855;1,015;570;695;380;360;415;385;350;1,750;635;350;455;485;615;340;285;1,270;590;505;440;540;630;360;1,285;300;480;710;1,520;505;805;320;690;660;1,235;420;510;635;1,900;440;370;245;715;545;390;590;1,120;485;255;575;415;230;395;750;570;785;1,995;445;215;345;485;1,110;545;810;1,015;805;275;890;340;305;665;240;440;3,990;830;1,150;635;440;425;945;1,760;630;875;1,485;560;395;495;465;570;700;470
1073;    $125,000 to $149,999;58,260;465;370;445;780;660;365;595;490;335;495;85;500;595;145;235;255;200;230;210;300;220;295;485;745;545;330;435;355;335;600;485;360;925;575;225;670;320;270;135;300;630;220;175;195;245;350;450;340;190;590;695;390;410;245;190;185;280;165;1,055;395;185;230;315;365;275;210;710;395;420;385;475;345;240;635;175;355;425;980;310;485;140;300;550;670;270;310;420;1,110;345;185;100;445;405;290;410;645;285;205;375;355;125;180;335;340;585;1,285;355;140;190;225;950;380;425;765;475;160;675;190;140;405;160;260;2,405;455;645;380;235;230;540;1,055;390;550;710;475;280;310;320;350;355;280
1074;    $150,000 to $199,999;111,185;510;425;470;2,765;1,915;635;1,135;985;650;3,030;90;440;1,075;120;380;235;1,730;345;205;720;130;1,385;885;1,160;520;825;625;425;625;840;690;250;965;550;335;1,085;1,355;215;105;865;775;220;165;1,065;1,495;295;565;490;295;1,195;1,880;630;640;380;200;155;1,010;110;1,900;575;165;210;430;425;1,455;695;815;1,205;2,125;2,420;2,305;480;355;505;250;660;480;1,400;310;820;90;225;1,840;1,145;295;630;600;1,580;1,150;180;85;590;640;505;740;1,085;280;670;430;1,380;160;170;250;765;3,110;1,575;965;155;260;285;1,560;1,860;535;1,885;575;105;2,355;190;115;855;375;310;4,025;455;565;420;245;145;530;1,840;765;820;655;695;260;705;1,135;1,390;320;435
